Algorithm	Number of Parameters	Initial Values	Final Values	Iterations	Initial Cost	Final Cost
gradient_descent_cost_optimizer	28	"[1.1472398  0.87339014 3.7397776  3.4863036  2.0713706  3.5822463
 2.4995046  1.7911267  3.8892443  5.9692345  2.5565896  4.689399
 4.572823   3.0270064  1.3123974  3.9216259  1.4574043  3.8931835
 4.7457466  5.88053    3.0608585  4.354137   6.107053   0.2933124
 2.1467872  4.971549   6.2540245  3.4597683 ]"	"[1.2655509  0.94369274 3.9093568  3.4333029  2.038088   3.6963973
 2.5039928  1.7488635  3.761036   5.7775216  2.298015   4.6471357
 4.7370033  2.8987975  1.255147   3.4018784  1.3292027  3.850919
 4.844327   5.8171263  2.9657202  4.1807528  6.219184   0.45699415
 2.4471638  5.0409703  6.4732976  3.6125982 ]"	45	0.9459199905395508	0.2570486068725586
